<wiidisc version="1" shiftfiles="true">
    <id game="SMN" />
    <options>
        <section name="Newest Super Ultra Epic Awesome Brammy Land Deluxe">
            <option name="NSUEABLD">
                <choice name="Enabled">
                    <patch id="ebl" />
                </choice>
            </option>
        </section>
    </options>
    <patch id="ebl">
        <folder external="/NewestSuperUltraEpicAwesomeBrammyLandDeluxe" recursive="false" />
        <folder external="/NewestSuperUltraEpicAwesomeBrammyLandDeluxe" disc="/" />
        <folder external="/NewestSuperUltraEpicAwesomeBrammyLandDeluxe/Stage/" disc="/Stage/" create="true" />
        <folder external="/NewestSuperUltraEpicAwesomeBrammyLandDeluxe/Stage/Texture/" disc="/Stage/Texture/" create="true" />
    </patch>
</wiidisc>